<?xml version="1.0" encoding="UTF-8"?>
<basic-transcription>
	<head>
		<meta-information>
			<project-name/>
			<transcription-name/>
			<referenced-file url="Iriss-N-G5082-P600080-avd.wav"/>
			<ud-meta-information/>
			<comment>Compiled from Gos2.1 TEI version of IRISS on 2023-10-05 16:05:07.912719</comment>
			<transcription-convention/>
		</meta-information>
		<speakertable>
			<speaker id="Artur-N-G5082">
				<abbreviation>Artur-N-G5082</abbreviation>
				<sex value="m"/>
				<languages-used/>
				<l1/>
				<l2/>
				<ud-speaker-information>
</ud-speaker-information>
				<comment/>
			</speaker>
		</speakertable>
	</head>
	<basic-body>
		<common-timeline>
			<tli id="Artur-N-G5082-P600080.t2" time="2.545"/>
			<tli id="Artur-N-G5082-P600080.t2.w0" time="2.705"/>
			<tli id="Artur-N-G5082-P600080.t2.w1" time="3.2599958427809357"/>
			<tli id="Artur-N-G5082-P600080.t2.w2" time="4.165"/>
			<tli id="Artur-N-G5082-P600080.t2.w3" time="4.275"/>
			<tli id="Artur-N-G5082-P600080.t2.w4" time="4.415"/>
			<tli id="Artur-N-G5082-P600080.t2.w5" time="4.815"/>
			<tli id="Artur-N-G5082-P600080.t2.w6" time="4.935"/>
			<tli id="Artur-N-G5082-P600080.t2.w7" time="5.095"/>
			<tli id="Artur-N-G5082-P600080.t2.w8" time="5.395"/>
			<tli id="Artur-N-G5082-P600080.t2.w9" time="5.535"/>
			<tli id="Artur-N-G5082-P600080.t2.w10" time="5.675"/>
			<tli id="Artur-N-G5082-P600080.t2.w11" time="6.475"/>
			<tli id="Artur-N-G5082-P600080.t2.w12" time="6.925"/>
			<tli id="Artur-N-G5082-P600080.t2.w13" time="7.215"/>
			<tli id="Artur-N-G5082-P600080.t2.w14" time="7.275"/>
			<tli id="Artur-N-G5082-P600080.t2.w15" time="7.655"/>
			<tli id="Artur-N-G5082-P600080.t2.w16" time="7.685"/>
			<tli id="Artur-N-G5082-P600080.t2.w17" time="7.885"/>
			<tli id="Artur-N-G5082-P600080.t2.w18" time="8.905"/>
			<tli id="Artur-N-G5082-P600080.t3" time="9.286654824118289"/>
			<tli id="Artur-N-G5082-P600080.t3.w0" time="9.725"/>
			<tli id="Artur-N-G5082-P600080.t3.w1" time="9.935"/>
			<tli id="Artur-N-G5082-P600080.t3.w2" time="10.255"/>
			<tli id="Artur-N-G5082-P600080.t3.w3" time="10.535"/>
			<tli id="Artur-N-G5082-P600080.t3.w4" time="10.655"/>
			<tli id="Artur-N-G5082-P600080.t3.w5" time="10.945"/>
			<tli id="Artur-N-G5082-P600080.t3.w6" time="11.275"/>
			<tli id="Artur-N-G5082-P600080.t3.w7" time="11.395"/>
			<tli id="Artur-N-G5082-P600080.t3.w8" time="11.495"/>
			<tli id="Artur-N-G5082-P600080.t3.w9" time="11.815"/>
			<tli id="Artur-N-G5082-P600080.t3.w10" time="12.095"/>
			<tli id="Artur-N-G5082-P600080.t3.w11" time="12.255"/>
			<tli id="Artur-N-G5082-P600080.t3.w12" time="12.315"/>
			<tli id="Artur-N-G5082-P600080.t3.w13" time="12.525"/>
			<tli id="Artur-N-G5082-P600080.t3.w14" time="12.675"/>
			<tli id="Artur-N-G5082-P600080.t3.w15" time="12.875"/>
			<tli id="Artur-N-G5082-P600080.t3.w16" time="13.155"/>
			<tli id="Artur-N-G5082-P600080.t3.w17" time="13.245"/>
			<tli id="Artur-N-G5082-P600080.t4" time="13.61998263149581"/>
			<tli id="Artur-N-G5082-P600080.t4.w0" time="14.165"/>
			<tli id="Artur-N-G5082-P600080.t4.w1" time="14.385"/>
			<tli id="Artur-N-G5082-P600080.t4.w2" time="14.445"/>
			<tli id="Artur-N-G5082-P600080.t4.w3" time="14.675"/>
			<tli id="Artur-N-G5082-P600080.t4.w4" time="14.895"/>
			<tli id="Artur-N-G5082-P600080.t4.w5" time="16.295"/>
			<tli id="Artur-N-G5082-P600080.t5" time="16.799"/>
			<tli id="Artur-N-G5082-P600080.t6.w0" time="71.565"/>
			<tli id="Artur-N-G5082-P600080.t7" time="72.12657468925754"/>
			<tli id="Artur-N-G5082-P600080.t7.w0" time="72.7265739241252"/>
			<tli id="Artur-N-G5082-P600080.t7.w1" time="73.021"/>
			<tli id="Artur-N-G5082-P600080.t7.w2" time="73.091"/>
			<tli id="Artur-N-G5082-P600080.t7.w3" time="73.301"/>
			<tli id="Artur-N-G5082-P600080.t7.w4" time="73.431"/>
			<tli id="Artur-N-G5082-P600080.t7.w5" time="73.561"/>
			<tli id="Artur-N-G5082-P600080.t7.w6" time="74.001"/>
			<tli id="Artur-N-G5082-P600080.t7.w7" time="74.191"/>
			<tli id="Artur-N-G5082-P600080.t7.w8" time="74.451"/>
			<tli id="Artur-N-G5082-P600080.t7.w9" time="74.851"/>
			<tli id="Artur-N-G5082-P600080.t7.w10" time="75.361"/>
			<tli id="Artur-N-G5082-P600080.t7.w11" time="76.101"/>
			<tli id="Artur-N-G5082-P600080.t8" time="76.58656900177378"/>
			<tli id="Artur-N-G5082-P600080.t8.w0" time="77.075"/>
			<tli id="Artur-N-G5082-P600080.t8.w1" time="77.285"/>
			<tli id="Artur-N-G5082-P600080.t8.w2" time="77.435"/>
			<tli id="Artur-N-G5082-P600080.t8.w3" time="77.705"/>
			<tli id="Artur-N-G5082-P600080.t8.w4" time="77.955"/>
			<tli id="Artur-N-G5082-P600080.t8.w5" time="78.135"/>
			<tli id="Artur-N-G5082-P600080.t8.w6" time="78.285"/>
			<tli id="T1" time="78.72656627280176"/>
			<tli id="Artur-N-G5082-P600080.t8.w7" time="78.95323265041844"/>
			<tli id="Artur-N-G5082-P600080.t8.w8" time="79.465"/>
			<tli id="Artur-N-G5082-P600080.t8.w9" time="80.235"/>
			<tli id="Artur-N-G5082-P600080.t8.w10" time="80.405"/>
			<tli id="Artur-N-G5082-P600080.t8.w11" time="80.635"/>
			<tli id="Artur-N-G5082-P600080.t9" time="81.40656285521064"/>
			<tli id="Artur-N-G5082-P600080.t10.w0" time="156.915"/>
			<tli id="Artur-N-G5082-P600080.t10.w1" time="157.165"/>
			<tli id="Artur-N-G5082-P600080.t10.w2" time="157.235"/>
			<tli id="Artur-N-G5082-P600080.t10.w3" time="157.385"/>
			<tli id="Artur-N-G5082-P600080.t10.w4" time="157.485"/>
			<tli id="Artur-N-G5082-P600080.t10.w5" time="157.635"/>
			<tli id="Artur-N-G5082-P600080.t10.w6" time="158.225"/>
			<tli id="Artur-N-G5082-P600080.t11" time="158.67313098983442"/>
			<tli id="Artur-N-G5082-P600080.t12.w0" time="204.77307220216605"/>
			<tli id="Artur-N-G5082-P600080.t12.w1" time="205.017"/>
			<tli id="Artur-N-G5082-P600080.t12.w2" time="205.167"/>
			<tli id="Artur-N-G5082-P600080.t12.w3" time="205.257"/>
			<tli id="Artur-N-G5082-P600080.t12.w4" time="205.557"/>
			<tli id="Artur-N-G5082-P600080.t12.w5" time="205.637"/>
			<tli id="Artur-N-G5082-P600080.t12.w6" time="205.817"/>
			<tli id="Artur-N-G5082-P600080.t12.w7" time="205.917"/>
			<tli id="Artur-N-G5082-P600080.t12.w8" time="205.977"/>
			<tli id="Artur-N-G5082-P600080.t12.w9" time="206.237"/>
			<tli id="Artur-N-G5082-P600080.t12.w10" time="206.93973610585482"/>
			<tli id="Artur-N-G5082-P600080.t12.w11" time="207.287"/>
			<tli id="Artur-N-G5082-P600080.t12.w12" time="207.73973508567838"/>
			<tli id="Artur-N-G5082-P600080.t12.w13" time="208.117"/>
			<tli id="Artur-N-G5082-P600080.t12.w14" time="208.607"/>
			<tli id="Artur-N-G5082-P600080.t12.w15" time="208.667"/>
			<tli id="Artur-N-G5082-P600080.t12.w16" time="209.067"/>
			<tli id="Artur-N-G5082-P600080.t12.w17" time="209.347"/>
			<tli id="Artur-N-G5082-P600080.t13" time="210.23973189762694"/>
			<tli id="Artur-N-G5082-P600080.t14.w0" time="312.9262676161438"/>
			<tli id="Artur-N-G5082-P600080.t15" time="313.43293363669875"/>
			<tli id="Artur-N-G5082-P600080.t15.w0" time="314.521"/>
			<tli id="Artur-N-G5082-P600080.t15.w1" time="314.651"/>
			<tli id="Artur-N-G5082-P600080.t15.w2" time="314.711"/>
			<tli id="Artur-N-G5082-P600080.t15.w3" time="314.771"/>
			<tli id="Artur-N-G5082-P600080.t15.w4" time="314.951"/>
			<tli id="Artur-N-G5082-P600080.t15.w5" time="315.101"/>
			<tli id="Artur-N-G5082-P600080.t15.w6" time="315.511"/>
			<tli id="Artur-N-G5082-P600080.t15.w7" time="315.611"/>
			<tli id="Artur-N-G5082-P600080.t15.w8" time="315.721"/>
			<tli id="Artur-N-G5082-P600080.t15.w9" time="316.001"/>
			<tli id="Artur-N-G5082-P600080.t15.w10" time="316.531"/>
			<tli id="Artur-N-G5082-P600080.t15.w11" time="316.591"/>
			<tli id="Artur-N-G5082-P600080.t15.w12" time="316.971"/>
			<tli id="Artur-N-G5082-P600080.t16" time="317.524"/>
			<tli id="T0" time="2025.79"/>
		</common-timeline>
		<tier id="0" speaker="Artur-N-G5082" category="v" type="t" display-name="Artur-N-G5082">
			<event start="Artur-N-G5082-P600080.t2.w0" end="Artur-N-G5082-P600080.t2.w1">okej</event>
			<event start="Artur-N-G5082-P600080.t2.w1" end="Artur-N-G5082-P600080.t2.w2">eee</event>
			<event start="Artur-N-G5082-P600080.t2.w2" end="Artur-N-G5082-P600080.t2.w3">jəs</event>
			<event start="Artur-N-G5082-P600080.t2.w3" end="Artur-N-G5082-P600080.t2.w4">səm</event>
			<event start="Artur-N-G5082-P600080.t2.w4" end="Artur-N-G5082-P600080.t2.w5">slišala</event>
			<event start="Artur-N-G5082-P600080.t2.w5" end="Artur-N-G5082-P600080.t2.w6">da</event>
			<event start="Artur-N-G5082-P600080.t2.w6" end="Artur-N-G5082-P600080.t2.w7">pač</event>
			<event start="Artur-N-G5082-P600080.t2.w7" end="Artur-N-G5082-P600080.t2.w8">delaš</event>
			<event start="Artur-N-G5082-P600080.t2.w8" end="Artur-N-G5082-P600080.t2.w9">ti</event>
			<event start="Artur-N-G5082-P600080.t2.w9" end="Artur-N-G5082-P600080.t2.w10">zdej</event>
			<event start="Artur-N-G5082-P600080.t2.w10" end="Artur-N-G5082-P600080.t2.w11">magistrsko</event>
			<event start="Artur-N-G5082-P600080.t2.w11" end="Artur-N-G5082-P600080.t2.w12">ne</event>
			<event start="Artur-N-G5082-P600080.t2.w12" end="Artur-N-G5082-P600080.t2.w13">pač</event>
			<event start="Artur-N-G5082-P600080.t2.w13" end="Artur-N-G5082-P600080.t2.w14">v</event>
			<event start="Artur-N-G5082-P600080.t2.w14" end="Artur-N-G5082-P600080.t2.w15">zvezi</event>
			<event start="Artur-N-G5082-P600080.t2.w15" end="Artur-N-G5082-P600080.t2.w16">s</event>
			<event start="Artur-N-G5082-P600080.t2.w16" end="Artur-N-G5082-P600080.t2.w17">s</event>
			<event start="Artur-N-G5082-P600080.t2.w17" end="Artur-N-G5082-P600080.t2.w18">Pekarno</event>
			<event start="Artur-N-G5082-P600080.t2.w18" end="Artur-N-G5082-P600080.t3">ne</event>
			<event start="Artur-N-G5082-P600080.t3.w0" end="Artur-N-G5082-P600080.t3.w1">med</event>
			<event start="Artur-N-G5082-P600080.t3.w1" end="Artur-N-G5082-P600080.t3.w2">drugim</event>
			<event start="Artur-N-G5082-P600080.t3.w2" end="Artur-N-G5082-P600080.t3.w3">tudi</event>
			<event start="Artur-N-G5082-P600080.t3.w3" end="Artur-N-G5082-P600080.t3.w4">no</event>
			<event start="Artur-N-G5082-P600080.t3.w4" end="Artur-N-G5082-P600080.t3.w5">mislim</event>
			<event start="Artur-N-G5082-P600080.t3.w5" end="Artur-N-G5082-P600080.t3.w6">ja</event>
			<event start="Artur-N-G5082-P600080.t3.w6" end="Artur-N-G5082-P600080.t3.w7">pa</event>
			<event start="Artur-N-G5082-P600080.t3.w7" end="Artur-N-G5082-P600080.t3.w8">me</event>
			<event start="Artur-N-G5082-P600080.t3.w8" end="Artur-N-G5082-P600080.t3.w9">zanima</event>
			<event start="Artur-N-G5082-P600080.t3.w9" end="Artur-N-G5082-P600080.t3.w10">okej</event>
			<event start="Artur-N-G5082-P600080.t3.w10" end="Artur-N-G5082-P600080.t3.w11">če</event>
			<event start="Artur-N-G5082-P600080.t3.w11" end="Artur-N-G5082-P600080.t3.w12">mi</event>
			<event start="Artur-N-G5082-P600080.t3.w12" end="Artur-N-G5082-P600080.t3.w13">lahko</event>
			<event start="Artur-N-G5082-P600080.t3.w13" end="Artur-N-G5082-P600080.t3.w14">kej</event>
			<event start="Artur-N-G5082-P600080.t3.w14" end="Artur-N-G5082-P600080.t3.w15">več</event>
			<event start="Artur-N-G5082-P600080.t3.w15" end="Artur-N-G5082-P600080.t3.w16">poveš</event>
			<event start="Artur-N-G5082-P600080.t3.w16" end="Artur-N-G5082-P600080.t3.w17">o</event>
			<event start="Artur-N-G5082-P600080.t3.w17" end="Artur-N-G5082-P600080.t4">tem</event>
			<event start="Artur-N-G5082-P600080.t4.w0" end="Artur-N-G5082-P600080.t4.w1">pač</event>
			<event start="Artur-N-G5082-P600080.t4.w1" end="Artur-N-G5082-P600080.t4.w2">v</event>
			<event start="Artur-N-G5082-P600080.t4.w2" end="Artur-N-G5082-P600080.t4.w3">bistvu</event>
			<event start="Artur-N-G5082-P600080.t4.w3" end="Artur-N-G5082-P600080.t4.w4">kaj</event>
			<event start="Artur-N-G5082-P600080.t4.w4" end="Artur-N-G5082-P600080.t4.w5">raziskuješ</event>
			<event start="Artur-N-G5082-P600080.t4.w5" end="Artur-N-G5082-P600080.t5">ne</event>
			<event start="Artur-N-G5082-P600080.t6.w0" end="Artur-N-G5082-P600080.t7">mhm</event>
			<event start="Artur-N-G5082-P600080.t7.w0" end="Artur-N-G5082-P600080.t7.w1">okej</event>
			<event start="Artur-N-G5082-P600080.t7.w1" end="Artur-N-G5082-P600080.t7.w2">in</event>
			<event start="Artur-N-G5082-P600080.t7.w2" end="Artur-N-G5082-P600080.t7.w3">kaj</event>
			<event start="Artur-N-G5082-P600080.t7.w3" end="Artur-N-G5082-P600080.t7.w4">so</event>
			<event start="Artur-N-G5082-P600080.t7.w4" end="Artur-N-G5082-P600080.t7.w5">te</event>
			<event start="Artur-N-G5082-P600080.t7.w5" end="Artur-N-G5082-P600080.t7.w6">razlike</event>
			<event start="Artur-N-G5082-P600080.t7.w6" end="Artur-N-G5082-P600080.t7.w7">med</event>
			<event start="Artur-N-G5082-P600080.t7.w7" end="Artur-N-G5082-P600080.t7.w8">temi</event>
			<event start="Artur-N-G5082-P600080.t7.w8" end="Artur-N-G5082-P600080.t7.w9">tremi</event>
			<event start="Artur-N-G5082-P600080.t7.w9" end="Artur-N-G5082-P600080.t7.w10">različnimi</event>
			<event start="Artur-N-G5082-P600080.t7.w10" end="Artur-N-G5082-P600080.t7.w11">kapitali</event>
			<event start="Artur-N-G5082-P600080.t7.w11" end="Artur-N-G5082-P600080.t8">pač</event>
			<event start="Artur-N-G5082-P600080.t8.w0" end="Artur-N-G5082-P600080.t8.w1">če</event>
			<event start="Artur-N-G5082-P600080.t8.w1" end="Artur-N-G5082-P600080.t8.w2">bi</event>
			<event start="Artur-N-G5082-P600080.t8.w2" end="Artur-N-G5082-P600080.t8.w3">lahko</event>
			<event start="Artur-N-G5082-P600080.t8.w3" end="Artur-N-G5082-P600080.t8.w4">znal</event>
			<event start="Artur-N-G5082-P600080.t8.w4" end="Artur-N-G5082-P600080.t8.w5">tko</event>
			<event start="Artur-N-G5082-P600080.t8.w5" end="Artur-N-G5082-P600080.t8.w6">mi</event>
			<event start="Artur-N-G5082-P600080.t8.w6" end="T1">mal</event>
			<event start="T1" end="Artur-N-G5082-P600080.t8.w7"/>
			<event start="Artur-N-G5082-P600080.t8.w7" end="Artur-N-G5082-P600080.t8.w8">povedat</event>
			<event start="Artur-N-G5082-P600080.t8.w8" end="Artur-N-G5082-P600080.t8.w9">da</event>
			<event start="Artur-N-G5082-P600080.t8.w9" end="Artur-N-G5082-P600080.t8.w10">si</event>
			<event start="Artur-N-G5082-P600080.t8.w10" end="Artur-N-G5082-P600080.t8.w11">lažje</event>
			<event start="Artur-N-G5082-P600080.t8.w11" end="Artur-N-G5082-P600080.t9">predstavljam</event>
			<event start="Artur-N-G5082-P600080.t10.w0" end="Artur-N-G5082-P600080.t10.w1">okej</event>
			<event start="Artur-N-G5082-P600080.t10.w1" end="Artur-N-G5082-P600080.t10.w2">in</event>
			<event start="Artur-N-G5082-P600080.t10.w2" end="Artur-N-G5082-P600080.t10.w3">ti</event>
			<event start="Artur-N-G5082-P600080.t10.w3" end="Artur-N-G5082-P600080.t10.w4">se</event>
			<event start="Artur-N-G5082-P600080.t10.w4" end="Artur-N-G5082-P600080.t10.w5">boš</event>
			<event start="Artur-N-G5082-P600080.t10.w5" end="Artur-N-G5082-P600080.t10.w6">osredotoču</event>
			<event start="Artur-N-G5082-P600080.t10.w6" end="Artur-N-G5082-P600080.t11">kam</event>
			<event start="Artur-N-G5082-P600080.t12.w0" end="Artur-N-G5082-P600080.t12.w1">zdej</event>
			<event start="Artur-N-G5082-P600080.t12.w1" end="Artur-N-G5082-P600080.t12.w2">si</event>
			<event start="Artur-N-G5082-P600080.t12.w2" end="Artur-N-G5082-P600080.t12.w3">se</event>
			<event start="Artur-N-G5082-P600080.t12.w3" end="Artur-N-G5082-P600080.t12.w4">odloču</event>
			<event start="Artur-N-G5082-P600080.t12.w4" end="Artur-N-G5082-P600080.t12.w5">da</event>
			<event start="Artur-N-G5082-P600080.t12.w5" end="Artur-N-G5082-P600080.t12.w6">boš</event>
			<event start="Artur-N-G5082-P600080.t12.w6" end="Artur-N-G5082-P600080.t12.w7">meu</event>
			<event start="Artur-N-G5082-P600080.t12.w7" end="Artur-N-G5082-P600080.t12.w8">v</event>
			<event start="Artur-N-G5082-P600080.t12.w8" end="Artur-N-G5082-P600080.t12.w9">bistvu</event>
			<event start="Artur-N-G5082-P600080.t12.w9" end="Artur-N-G5082-P600080.t12.w10">intervjuje</event>
			<event start="Artur-N-G5082-P600080.t12.w10" end="Artur-N-G5082-P600080.t12.w11">sə</event>
			<event start="Artur-N-G5082-P600080.t12.w11" end="Artur-N-G5082-P600080.t12.w12">sə</event>
			<event start="Artur-N-G5082-P600080.t12.w12" end="Artur-N-G5082-P600080.t12.w13">ljudmi</event>
			<event start="Artur-N-G5082-P600080.t12.w13" end="Artur-N-G5082-P600080.t12.w14">ki</event>
			<event start="Artur-N-G5082-P600080.t12.w14" end="Artur-N-G5082-P600080.t12.w15">v</event>
			<event start="Artur-N-G5082-P600080.t12.w15" end="Artur-N-G5082-P600080.t12.w16">bistvu</event>
			<event start="Artur-N-G5082-P600080.t12.w16" end="Artur-N-G5082-P600080.t12.w17">nekak</event>
			<event start="Artur-N-G5082-P600080.t12.w17" end="Artur-N-G5082-P600080.t13">delajo</event>
			<event start="Artur-N-G5082-P600080.t14.w0" end="Artur-N-G5082-P600080.t15">mmm</event>
			<event start="Artur-N-G5082-P600080.t15.w0" end="Artur-N-G5082-P600080.t15.w1">to</event>
			<event start="Artur-N-G5082-P600080.t15.w1" end="Artur-N-G5082-P600080.t15.w2">je</event>
			<event start="Artur-N-G5082-P600080.t15.w2" end="Artur-N-G5082-P600080.t15.w3">v</event>
			<event start="Artur-N-G5082-P600080.t15.w3" end="Artur-N-G5082-P600080.t15.w4">bistvu</event>
			<event start="Artur-N-G5082-P600080.t15.w4" end="Artur-N-G5082-P600080.t15.w5">ful</event>
			<event start="Artur-N-G5082-P600080.t15.w5" end="Artur-N-G5082-P600080.t15.w6">podobno</event>
			<event start="Artur-N-G5082-P600080.t15.w6" end="Artur-N-G5082-P600080.t15.w7">kot</event>
			<event start="Artur-N-G5082-P600080.t15.w7" end="Artur-N-G5082-P600080.t15.w8">na</event>
			<event start="Artur-N-G5082-P600080.t15.w8" end="Artur-N-G5082-P600080.t15.w9">primer</event>
			<event start="Artur-N-G5082-P600080.t15.w9" end="Artur-N-G5082-P600080.t15.w10">Metelkova</event>
			<event start="Artur-N-G5082-P600080.t15.w10" end="Artur-N-G5082-P600080.t15.w11">v</event>
			<event start="Artur-N-G5082-P600080.t15.w11" end="Artur-N-G5082-P600080.t15.w12">Ljubljani</event>
			<event start="Artur-N-G5082-P600080.t15.w12" end="Artur-N-G5082-P600080.t16">ne</event>
		</tier>
		<tier id="1" speaker="Artur-N-G5082" category="v" type="t" display-name="Artur-N-G5082">
			<event start="Artur-N-G5082-P600080.t2.w0" end="Artur-N-G5082-P600080.t2.w1">okej</event>
			<event start="Artur-N-G5082-P600080.t2.w1" end="Artur-N-G5082-P600080.t2.w2">eee</event>
			<event start="Artur-N-G5082-P600080.t2.w2" end="Artur-N-G5082-P600080.t2.w3">jaz</event>
			<event start="Artur-N-G5082-P600080.t2.w3" end="Artur-N-G5082-P600080.t2.w4">sem</event>
			<event start="Artur-N-G5082-P600080.t2.w4" end="Artur-N-G5082-P600080.t2.w5">slišala</event>
			<event start="Artur-N-G5082-P600080.t2.w5" end="Artur-N-G5082-P600080.t2.w6">da</event>
			<event start="Artur-N-G5082-P600080.t2.w6" end="Artur-N-G5082-P600080.t2.w7">pač</event>
			<event start="Artur-N-G5082-P600080.t2.w7" end="Artur-N-G5082-P600080.t2.w8">delaš</event>
			<event start="Artur-N-G5082-P600080.t2.w8" end="Artur-N-G5082-P600080.t2.w9">ti</event>
			<event start="Artur-N-G5082-P600080.t2.w9" end="Artur-N-G5082-P600080.t2.w10">zdaj</event>
			<event start="Artur-N-G5082-P600080.t2.w10" end="Artur-N-G5082-P600080.t2.w11">magistrsko</event>
			<event start="Artur-N-G5082-P600080.t2.w11" end="Artur-N-G5082-P600080.t2.w12">ne</event>
			<event start="Artur-N-G5082-P600080.t2.w12" end="Artur-N-G5082-P600080.t2.w13">pač</event>
			<event start="Artur-N-G5082-P600080.t2.w13" end="Artur-N-G5082-P600080.t2.w14">v</event>
			<event start="Artur-N-G5082-P600080.t2.w14" end="Artur-N-G5082-P600080.t2.w15">zvezi</event>
			<event start="Artur-N-G5082-P600080.t2.w15" end="Artur-N-G5082-P600080.t2.w16">s</event>
			<event start="Artur-N-G5082-P600080.t2.w16" end="Artur-N-G5082-P600080.t2.w17">s</event>
			<event start="Artur-N-G5082-P600080.t2.w17" end="Artur-N-G5082-P600080.t2.w18">Pekarno</event>
			<event start="Artur-N-G5082-P600080.t2.w18" end="Artur-N-G5082-P600080.t3">ne</event>
			<event start="Artur-N-G5082-P600080.t3.w0" end="Artur-N-G5082-P600080.t3.w1">med</event>
			<event start="Artur-N-G5082-P600080.t3.w1" end="Artur-N-G5082-P600080.t3.w2">drugim</event>
			<event start="Artur-N-G5082-P600080.t3.w2" end="Artur-N-G5082-P600080.t3.w3">tudi</event>
			<event start="Artur-N-G5082-P600080.t3.w3" end="Artur-N-G5082-P600080.t3.w4">no</event>
			<event start="Artur-N-G5082-P600080.t3.w4" end="Artur-N-G5082-P600080.t3.w5">mislim</event>
			<event start="Artur-N-G5082-P600080.t3.w5" end="Artur-N-G5082-P600080.t3.w6">ja</event>
			<event start="Artur-N-G5082-P600080.t3.w6" end="Artur-N-G5082-P600080.t3.w7">pa</event>
			<event start="Artur-N-G5082-P600080.t3.w7" end="Artur-N-G5082-P600080.t3.w8">me</event>
			<event start="Artur-N-G5082-P600080.t3.w8" end="Artur-N-G5082-P600080.t3.w9">zanima</event>
			<event start="Artur-N-G5082-P600080.t3.w9" end="Artur-N-G5082-P600080.t3.w10">okej</event>
			<event start="Artur-N-G5082-P600080.t3.w10" end="Artur-N-G5082-P600080.t3.w11">če</event>
			<event start="Artur-N-G5082-P600080.t3.w11" end="Artur-N-G5082-P600080.t3.w12">mi</event>
			<event start="Artur-N-G5082-P600080.t3.w12" end="Artur-N-G5082-P600080.t3.w13">lahko</event>
			<event start="Artur-N-G5082-P600080.t3.w13" end="Artur-N-G5082-P600080.t3.w14">kaj</event>
			<event start="Artur-N-G5082-P600080.t3.w14" end="Artur-N-G5082-P600080.t3.w15">več</event>
			<event start="Artur-N-G5082-P600080.t3.w15" end="Artur-N-G5082-P600080.t3.w16">poveš</event>
			<event start="Artur-N-G5082-P600080.t3.w16" end="Artur-N-G5082-P600080.t3.w17">o</event>
			<event start="Artur-N-G5082-P600080.t3.w17" end="Artur-N-G5082-P600080.t4">tem</event>
			<event start="Artur-N-G5082-P600080.t4.w0" end="Artur-N-G5082-P600080.t4.w1">pač</event>
			<event start="Artur-N-G5082-P600080.t4.w1" end="Artur-N-G5082-P600080.t4.w2">v</event>
			<event start="Artur-N-G5082-P600080.t4.w2" end="Artur-N-G5082-P600080.t4.w3">bistvu</event>
			<event start="Artur-N-G5082-P600080.t4.w3" end="Artur-N-G5082-P600080.t4.w4">kaj</event>
			<event start="Artur-N-G5082-P600080.t4.w4" end="Artur-N-G5082-P600080.t4.w5">raziskuješ</event>
			<event start="Artur-N-G5082-P600080.t4.w5" end="Artur-N-G5082-P600080.t5">ne</event>
			<event start="Artur-N-G5082-P600080.t6.w0" end="Artur-N-G5082-P600080.t7">mhm</event>
			<event start="Artur-N-G5082-P600080.t7.w0" end="Artur-N-G5082-P600080.t7.w1">okej</event>
			<event start="Artur-N-G5082-P600080.t7.w1" end="Artur-N-G5082-P600080.t7.w2">in</event>
			<event start="Artur-N-G5082-P600080.t7.w2" end="Artur-N-G5082-P600080.t7.w3">kaj</event>
			<event start="Artur-N-G5082-P600080.t7.w3" end="Artur-N-G5082-P600080.t7.w4">so</event>
			<event start="Artur-N-G5082-P600080.t7.w4" end="Artur-N-G5082-P600080.t7.w5">te</event>
			<event start="Artur-N-G5082-P600080.t7.w5" end="Artur-N-G5082-P600080.t7.w6">razlike</event>
			<event start="Artur-N-G5082-P600080.t7.w6" end="Artur-N-G5082-P600080.t7.w7">med</event>
			<event start="Artur-N-G5082-P600080.t7.w7" end="Artur-N-G5082-P600080.t7.w8">temi</event>
			<event start="Artur-N-G5082-P600080.t7.w8" end="Artur-N-G5082-P600080.t7.w9">tremi</event>
			<event start="Artur-N-G5082-P600080.t7.w9" end="Artur-N-G5082-P600080.t7.w10">različnimi</event>
			<event start="Artur-N-G5082-P600080.t7.w10" end="Artur-N-G5082-P600080.t7.w11">kapitali</event>
			<event start="Artur-N-G5082-P600080.t7.w11" end="Artur-N-G5082-P600080.t8">pač</event>
			<event start="Artur-N-G5082-P600080.t8.w0" end="Artur-N-G5082-P600080.t8.w1">če</event>
			<event start="Artur-N-G5082-P600080.t8.w1" end="Artur-N-G5082-P600080.t8.w2">bi</event>
			<event start="Artur-N-G5082-P600080.t8.w2" end="Artur-N-G5082-P600080.t8.w3">lahko</event>
			<event start="Artur-N-G5082-P600080.t8.w3" end="Artur-N-G5082-P600080.t8.w4">znal</event>
			<event start="Artur-N-G5082-P600080.t8.w4" end="Artur-N-G5082-P600080.t8.w5">tako</event>
			<event start="Artur-N-G5082-P600080.t8.w5" end="Artur-N-G5082-P600080.t8.w6">mi</event>
			<event start="Artur-N-G5082-P600080.t8.w6" end="Artur-N-G5082-P600080.t8.w7">malo</event>
			<event start="Artur-N-G5082-P600080.t8.w7" end="Artur-N-G5082-P600080.t8.w8">povedati</event>
			<event start="Artur-N-G5082-P600080.t8.w8" end="Artur-N-G5082-P600080.t8.w9">da</event>
			<event start="Artur-N-G5082-P600080.t8.w9" end="Artur-N-G5082-P600080.t8.w10">si</event>
			<event start="Artur-N-G5082-P600080.t8.w10" end="Artur-N-G5082-P600080.t8.w11">lažje</event>
			<event start="Artur-N-G5082-P600080.t8.w11" end="Artur-N-G5082-P600080.t9">predstavljam</event>
			<event start="Artur-N-G5082-P600080.t10.w0" end="Artur-N-G5082-P600080.t10.w1">okej</event>
			<event start="Artur-N-G5082-P600080.t10.w1" end="Artur-N-G5082-P600080.t10.w2">in</event>
			<event start="Artur-N-G5082-P600080.t10.w2" end="Artur-N-G5082-P600080.t10.w3">ti</event>
			<event start="Artur-N-G5082-P600080.t10.w3" end="Artur-N-G5082-P600080.t10.w4">se</event>
			<event start="Artur-N-G5082-P600080.t10.w4" end="Artur-N-G5082-P600080.t10.w5">boš</event>
			<event start="Artur-N-G5082-P600080.t10.w5" end="Artur-N-G5082-P600080.t10.w6">osredotočil</event>
			<event start="Artur-N-G5082-P600080.t10.w6" end="Artur-N-G5082-P600080.t11">kam</event>
			<event start="Artur-N-G5082-P600080.t12.w0" end="Artur-N-G5082-P600080.t12.w1">zdaj</event>
			<event start="Artur-N-G5082-P600080.t12.w1" end="Artur-N-G5082-P600080.t12.w2">si</event>
			<event start="Artur-N-G5082-P600080.t12.w2" end="Artur-N-G5082-P600080.t12.w3">se</event>
			<event start="Artur-N-G5082-P600080.t12.w3" end="Artur-N-G5082-P600080.t12.w4">odločil</event>
			<event start="Artur-N-G5082-P600080.t12.w4" end="Artur-N-G5082-P600080.t12.w5">da</event>
			<event start="Artur-N-G5082-P600080.t12.w5" end="Artur-N-G5082-P600080.t12.w6">boš</event>
			<event start="Artur-N-G5082-P600080.t12.w6" end="Artur-N-G5082-P600080.t12.w7">imel</event>
			<event start="Artur-N-G5082-P600080.t12.w7" end="Artur-N-G5082-P600080.t12.w8">v</event>
			<event start="Artur-N-G5082-P600080.t12.w8" end="Artur-N-G5082-P600080.t12.w9">bistvu</event>
			<event start="Artur-N-G5082-P600080.t12.w9" end="Artur-N-G5082-P600080.t12.w10">intervjuje</event>
			<event start="Artur-N-G5082-P600080.t12.w10" end="Artur-N-G5082-P600080.t12.w11">z</event>
			<event start="Artur-N-G5082-P600080.t12.w11" end="Artur-N-G5082-P600080.t12.w12">z</event>
			<event start="Artur-N-G5082-P600080.t12.w12" end="Artur-N-G5082-P600080.t12.w13">ljudmi</event>
			<event start="Artur-N-G5082-P600080.t12.w13" end="Artur-N-G5082-P600080.t12.w14">ki</event>
			<event start="Artur-N-G5082-P600080.t12.w14" end="Artur-N-G5082-P600080.t12.w15">v</event>
			<event start="Artur-N-G5082-P600080.t12.w15" end="Artur-N-G5082-P600080.t12.w16">bistvu</event>
			<event start="Artur-N-G5082-P600080.t12.w16" end="Artur-N-G5082-P600080.t12.w17">nekako</event>
			<event start="Artur-N-G5082-P600080.t12.w17" end="Artur-N-G5082-P600080.t13">delajo</event>
			<event start="Artur-N-G5082-P600080.t14.w0" end="Artur-N-G5082-P600080.t15">mmm</event>
			<event start="Artur-N-G5082-P600080.t15.w0" end="Artur-N-G5082-P600080.t15.w1">to</event>
			<event start="Artur-N-G5082-P600080.t15.w1" end="Artur-N-G5082-P600080.t15.w2">je</event>
			<event start="Artur-N-G5082-P600080.t15.w2" end="Artur-N-G5082-P600080.t15.w3">v</event>
			<event start="Artur-N-G5082-P600080.t15.w3" end="Artur-N-G5082-P600080.t15.w4">bistvu</event>
			<event start="Artur-N-G5082-P600080.t15.w4" end="Artur-N-G5082-P600080.t15.w5">ful</event>
			<event start="Artur-N-G5082-P600080.t15.w5" end="Artur-N-G5082-P600080.t15.w6">podobno</event>
			<event start="Artur-N-G5082-P600080.t15.w6" end="Artur-N-G5082-P600080.t15.w7">kot</event>
			<event start="Artur-N-G5082-P600080.t15.w7" end="Artur-N-G5082-P600080.t15.w8">na</event>
			<event start="Artur-N-G5082-P600080.t15.w8" end="Artur-N-G5082-P600080.t15.w9">primer</event>
			<event start="Artur-N-G5082-P600080.t15.w9" end="Artur-N-G5082-P600080.t15.w10">Metelkova</event>
			<event start="Artur-N-G5082-P600080.t15.w10" end="Artur-N-G5082-P600080.t15.w11">v</event>
			<event start="Artur-N-G5082-P600080.t15.w11" end="Artur-N-G5082-P600080.t15.w12">Ljubljani</event>
			<event start="Artur-N-G5082-P600080.t15.w12" end="Artur-N-G5082-P600080.t16">ne</event>
		</tier>
		<tier id="2" speaker="Artur-N-G5082" category="additional" type="t" display-name="Artur-N-G5082 [additional]">
			<event start="Artur-N-G5082-P600080.t4.w4" end="Artur-N-G5082-P600080.t4.w5">razisku(:)ješ</event>
			<event start="Artur-N-G5082-P600080.t12.w13" end="Artur-N-G5082-P600080.t12.w14">ki(:)</event>
		</tier>
		<tier id="3" speaker="Artur-N-G5082" category="nonverbalDisfluency" type="a" display-name="Artur-N-G5082 [nonverbalDisfluency]">
			<event start="Artur-N-G5082-P600080.t2.w1" end="Artur-N-G5082-P600080.t2.w2">filledPause</event>
			<event start="Artur-N-G5082-P600080.t4.w4" end="Artur-N-G5082-P600080.t4.w5">lengthening</event>
			<event start="Artur-N-G5082-P600080.t8" end="Artur-N-G5082-P600080.t8.w0">silentPause</event>
			<event start="T1" end="Artur-N-G5082-P600080.t8.w7">silentPause</event>
			<event start="Artur-N-G5082-P600080.t8.w8" end="Artur-N-G5082-P600080.t8.w9">lengthening</event>
			<event start="Artur-N-G5082-P600080.t12.w13" end="Artur-N-G5082-P600080.t12.w14">lengthening</event>
		</tier>
		<tier id="4" speaker="Artur-N-G5082" category="verbalDisfluency" type="a" display-name="Artur-N-G5082 [verbalDisfluency]">
			<event start="Artur-N-G5082-P600080.t2.w15" end="Artur-N-G5082-P600080.t2.w17">identicalRepetition</event>
			<event start="Artur-N-G5082-P600080.t7.w11" end="Artur-N-G5082-P600080.t8">verbalizedFiller</event>
			<event start="Artur-N-G5082-P600080.t12.w10" end="Artur-N-G5082-P600080.t12.w12">identicalRepetition</event>
		</tier>
		<tier id="5" speaker="Artur-N-G5082" category="disfluencyStructure" type="a" display-name="Artur-N-G5082 [disfluencyStructure]">
			<event start="Artur-N-G5082-P600080.t2.w15" end="Artur-N-G5082-P600080.t2.w16">reparandum</event>
			<event start="Artur-N-G5082-P600080.t2.w16" end="Artur-N-G5082-P600080.t2.w17">repair</event>
			<event start="Artur-N-G5082-P600080.t12.w10" end="Artur-N-G5082-P600080.t12.w11">reparandum</event>
			<event start="Artur-N-G5082-P600080.t12.w11" end="Artur-N-G5082-P600080.t12.w12">repair</event>
		</tier>
		<tier id="-1" category="traceability" type="a">
			<event start="Artur-N-G5082-P600080.t2.w0" end="Artur-N-G5082-P600080.t2.w1">Artur-N-G5082-P600080.tok1</event>
			<event start="Artur-N-G5082-P600080.t2.w1" end="Artur-N-G5082-P600080.t2.w2">Artur-N-G5082-P600080.tok3</event>
			<event start="Artur-N-G5082-P600080.t2.w2" end="Artur-N-G5082-P600080.t2.w3">Artur-N-G5082-P600080.tok5</event>
			<event start="Artur-N-G5082-P600080.t2.w3" end="Artur-N-G5082-P600080.t2.w4">Artur-N-G5082-P600080.tok6</event>
			<event start="Artur-N-G5082-P600080.t2.w4" end="Artur-N-G5082-P600080.t2.w5">Artur-N-G5082-P600080.tok7</event>
			<event start="Artur-N-G5082-P600080.t2.w5" end="Artur-N-G5082-P600080.t2.w6">Artur-N-G5082-P600080.tok9</event>
			<event start="Artur-N-G5082-P600080.t2.w6" end="Artur-N-G5082-P600080.t2.w7">Artur-N-G5082-P600080.tok10</event>
			<event start="Artur-N-G5082-P600080.t2.w7" end="Artur-N-G5082-P600080.t2.w8">Artur-N-G5082-P600080.tok11</event>
			<event start="Artur-N-G5082-P600080.t2.w8" end="Artur-N-G5082-P600080.t2.w9">Artur-N-G5082-P600080.tok12</event>
			<event start="Artur-N-G5082-P600080.t2.w9" end="Artur-N-G5082-P600080.t2.w10">Artur-N-G5082-P600080.tok13</event>
			<event start="Artur-N-G5082-P600080.t2.w10" end="Artur-N-G5082-P600080.t2.w11">Artur-N-G5082-P600080.tok14</event>
			<event start="Artur-N-G5082-P600080.t2.w11" end="Artur-N-G5082-P600080.t2.w12">Artur-N-G5082-P600080.tok16</event>
			<event start="Artur-N-G5082-P600080.t2.w12" end="Artur-N-G5082-P600080.t2.w13">Artur-N-G5082-P600080.tok18</event>
			<event start="Artur-N-G5082-P600080.t2.w13" end="Artur-N-G5082-P600080.t2.w14">Artur-N-G5082-P600080.tok19</event>
			<event start="Artur-N-G5082-P600080.t2.w14" end="Artur-N-G5082-P600080.t2.w15">Artur-N-G5082-P600080.tok20</event>
			<event start="Artur-N-G5082-P600080.t2.w15" end="Artur-N-G5082-P600080.t2.w16">Artur-N-G5082-P600080.tok21</event>
			<event start="Artur-N-G5082-P600080.t2.w16" end="Artur-N-G5082-P600080.t2.w17">Artur-N-G5082-P600080.tok22</event>
			<event start="Artur-N-G5082-P600080.t2.w17" end="Artur-N-G5082-P600080.t2.w18">Artur-N-G5082-P600080.tok23</event>
			<event start="Artur-N-G5082-P600080.t2.w18" end="Artur-N-G5082-P600080.t3">Artur-N-G5082-P600080.tok25</event>
			<event start="Artur-N-G5082-P600080.t3.w0" end="Artur-N-G5082-P600080.t3.w1">Artur-N-G5082-P600080.tok27</event>
			<event start="Artur-N-G5082-P600080.t3.w1" end="Artur-N-G5082-P600080.t3.w2">Artur-N-G5082-P600080.tok28</event>
			<event start="Artur-N-G5082-P600080.t3.w2" end="Artur-N-G5082-P600080.t3.w3">Artur-N-G5082-P600080.tok29</event>
			<event start="Artur-N-G5082-P600080.t3.w3" end="Artur-N-G5082-P600080.t3.w4">Artur-N-G5082-P600080.tok31</event>
			<event start="Artur-N-G5082-P600080.t3.w4" end="Artur-N-G5082-P600080.t3.w5">Artur-N-G5082-P600080.tok33</event>
			<event start="Artur-N-G5082-P600080.t3.w5" end="Artur-N-G5082-P600080.t3.w6">Artur-N-G5082-P600080.tok35</event>
			<event start="Artur-N-G5082-P600080.t3.w6" end="Artur-N-G5082-P600080.t3.w7">Artur-N-G5082-P600080.tok37</event>
			<event start="Artur-N-G5082-P600080.t3.w7" end="Artur-N-G5082-P600080.t3.w8">Artur-N-G5082-P600080.tok38</event>
			<event start="Artur-N-G5082-P600080.t3.w8" end="Artur-N-G5082-P600080.t3.w9">Artur-N-G5082-P600080.tok39</event>
			<event start="Artur-N-G5082-P600080.t3.w9" end="Artur-N-G5082-P600080.t3.w10">Artur-N-G5082-P600080.tok40</event>
			<event start="Artur-N-G5082-P600080.t3.w10" end="Artur-N-G5082-P600080.t3.w11">Artur-N-G5082-P600080.tok42</event>
			<event start="Artur-N-G5082-P600080.t3.w11" end="Artur-N-G5082-P600080.t3.w12">Artur-N-G5082-P600080.tok43</event>
			<event start="Artur-N-G5082-P600080.t3.w12" end="Artur-N-G5082-P600080.t3.w13">Artur-N-G5082-P600080.tok44</event>
			<event start="Artur-N-G5082-P600080.t3.w13" end="Artur-N-G5082-P600080.t3.w14">Artur-N-G5082-P600080.tok45</event>
			<event start="Artur-N-G5082-P600080.t3.w14" end="Artur-N-G5082-P600080.t3.w15">Artur-N-G5082-P600080.tok46</event>
			<event start="Artur-N-G5082-P600080.t3.w15" end="Artur-N-G5082-P600080.t3.w16">Artur-N-G5082-P600080.tok47</event>
			<event start="Artur-N-G5082-P600080.t3.w16" end="Artur-N-G5082-P600080.t3.w17">Artur-N-G5082-P600080.tok48</event>
			<event start="Artur-N-G5082-P600080.t3.w17" end="Artur-N-G5082-P600080.t4">Artur-N-G5082-P600080.tok49</event>
			<event start="Artur-N-G5082-P600080.t4.w0" end="Artur-N-G5082-P600080.t4.w1">Artur-N-G5082-P600080.tok51</event>
			<event start="Artur-N-G5082-P600080.t4.w1" end="Artur-N-G5082-P600080.t4.w2">Artur-N-G5082-P600080.tok52</event>
			<event start="Artur-N-G5082-P600080.t4.w2" end="Artur-N-G5082-P600080.t4.w3">Artur-N-G5082-P600080.tok53</event>
			<event start="Artur-N-G5082-P600080.t4.w3" end="Artur-N-G5082-P600080.t4.w4">Artur-N-G5082-P600080.tok55</event>
			<event start="Artur-N-G5082-P600080.t4.w4" end="Artur-N-G5082-P600080.t4.w5">Artur-N-G5082-P600080.tok56</event>
			<event start="Artur-N-G5082-P600080.t4.w5" end="Artur-N-G5082-P600080.t5">Artur-N-G5082-P600080.tok58</event>
			<event start="Artur-N-G5082-P600080.t6.w0" end="Artur-N-G5082-P600080.t7">Artur-N-G5082-P600080.tok60</event>
			<event start="Artur-N-G5082-P600080.t7.w0" end="Artur-N-G5082-P600080.t7.w1">Artur-N-G5082-P600080.tok62</event>
			<event start="Artur-N-G5082-P600080.t7.w1" end="Artur-N-G5082-P600080.t7.w2">Artur-N-G5082-P600080.tok64</event>
			<event start="Artur-N-G5082-P600080.t7.w2" end="Artur-N-G5082-P600080.t7.w3">Artur-N-G5082-P600080.tok65</event>
			<event start="Artur-N-G5082-P600080.t7.w3" end="Artur-N-G5082-P600080.t7.w4">Artur-N-G5082-P600080.tok66</event>
			<event start="Artur-N-G5082-P600080.t7.w4" end="Artur-N-G5082-P600080.t7.w5">Artur-N-G5082-P600080.tok67</event>
			<event start="Artur-N-G5082-P600080.t7.w5" end="Artur-N-G5082-P600080.t7.w6">Artur-N-G5082-P600080.tok68</event>
			<event start="Artur-N-G5082-P600080.t7.w6" end="Artur-N-G5082-P600080.t7.w7">Artur-N-G5082-P600080.tok69</event>
			<event start="Artur-N-G5082-P600080.t7.w7" end="Artur-N-G5082-P600080.t7.w8">Artur-N-G5082-P600080.tok70</event>
			<event start="Artur-N-G5082-P600080.t7.w8" end="Artur-N-G5082-P600080.t7.w9">Artur-N-G5082-P600080.tok71</event>
			<event start="Artur-N-G5082-P600080.t7.w9" end="Artur-N-G5082-P600080.t7.w10">Artur-N-G5082-P600080.tok72</event>
			<event start="Artur-N-G5082-P600080.t7.w10" end="Artur-N-G5082-P600080.t7.w11">Artur-N-G5082-P600080.tok73</event>
			<event start="Artur-N-G5082-P600080.t7.w11" end="Artur-N-G5082-P600080.t8">Artur-N-G5082-P600080.tok74</event>
			<event start="Artur-N-G5082-P600080.t8.w0" end="Artur-N-G5082-P600080.t8.w1">Artur-N-G5082-P600080.tok76</event>
			<event start="Artur-N-G5082-P600080.t8.w1" end="Artur-N-G5082-P600080.t8.w2">Artur-N-G5082-P600080.tok77</event>
			<event start="Artur-N-G5082-P600080.t8.w2" end="Artur-N-G5082-P600080.t8.w3">Artur-N-G5082-P600080.tok78</event>
			<event start="Artur-N-G5082-P600080.t8.w3" end="Artur-N-G5082-P600080.t8.w4">Artur-N-G5082-P600080.tok79</event>
			<event start="Artur-N-G5082-P600080.t8.w4" end="Artur-N-G5082-P600080.t8.w5">Artur-N-G5082-P600080.tok80</event>
			<event start="Artur-N-G5082-P600080.t8.w5" end="Artur-N-G5082-P600080.t8.w6">Artur-N-G5082-P600080.tok81</event>
			<event start="Artur-N-G5082-P600080.t8.w6" end="T1">Artur-N-G5082-P600080.tok82</event>
			<event start="Artur-N-G5082-P600080.t8.w7" end="Artur-N-G5082-P600080.t8.w8">Artur-N-G5082-P600080.tok83</event>
			<event start="Artur-N-G5082-P600080.t8.w8" end="Artur-N-G5082-P600080.t8.w9">Artur-N-G5082-P600080.tok85</event>
			<event start="Artur-N-G5082-P600080.t8.w9" end="Artur-N-G5082-P600080.t8.w10">Artur-N-G5082-P600080.tok86</event>
			<event start="Artur-N-G5082-P600080.t8.w10" end="Artur-N-G5082-P600080.t8.w11">Artur-N-G5082-P600080.tok87</event>
			<event start="Artur-N-G5082-P600080.t8.w11" end="Artur-N-G5082-P600080.t9">Artur-N-G5082-P600080.tok88</event>
			<event start="Artur-N-G5082-P600080.t10.w0" end="Artur-N-G5082-P600080.t10.w1">Artur-N-G5082-P600080.tok90</event>
			<event start="Artur-N-G5082-P600080.t10.w1" end="Artur-N-G5082-P600080.t10.w2">Artur-N-G5082-P600080.tok92</event>
			<event start="Artur-N-G5082-P600080.t10.w2" end="Artur-N-G5082-P600080.t10.w3">Artur-N-G5082-P600080.tok93</event>
			<event start="Artur-N-G5082-P600080.t10.w3" end="Artur-N-G5082-P600080.t10.w4">Artur-N-G5082-P600080.tok94</event>
			<event start="Artur-N-G5082-P600080.t10.w4" end="Artur-N-G5082-P600080.t10.w5">Artur-N-G5082-P600080.tok95</event>
			<event start="Artur-N-G5082-P600080.t10.w5" end="Artur-N-G5082-P600080.t10.w6">Artur-N-G5082-P600080.tok96</event>
			<event start="Artur-N-G5082-P600080.t10.w6" end="Artur-N-G5082-P600080.t11">Artur-N-G5082-P600080.tok97</event>
			<event start="Artur-N-G5082-P600080.t12.w0" end="Artur-N-G5082-P600080.t12.w1">Artur-N-G5082-P600080.tok99</event>
			<event start="Artur-N-G5082-P600080.t12.w1" end="Artur-N-G5082-P600080.t12.w2">Artur-N-G5082-P600080.tok100</event>
			<event start="Artur-N-G5082-P600080.t12.w2" end="Artur-N-G5082-P600080.t12.w3">Artur-N-G5082-P600080.tok101</event>
			<event start="Artur-N-G5082-P600080.t12.w3" end="Artur-N-G5082-P600080.t12.w4">Artur-N-G5082-P600080.tok102</event>
			<event start="Artur-N-G5082-P600080.t12.w4" end="Artur-N-G5082-P600080.t12.w5">Artur-N-G5082-P600080.tok104</event>
			<event start="Artur-N-G5082-P600080.t12.w5" end="Artur-N-G5082-P600080.t12.w6">Artur-N-G5082-P600080.tok105</event>
			<event start="Artur-N-G5082-P600080.t12.w6" end="Artur-N-G5082-P600080.t12.w7">Artur-N-G5082-P600080.tok106</event>
			<event start="Artur-N-G5082-P600080.t12.w7" end="Artur-N-G5082-P600080.t12.w8">Artur-N-G5082-P600080.tok107</event>
			<event start="Artur-N-G5082-P600080.t12.w8" end="Artur-N-G5082-P600080.t12.w9">Artur-N-G5082-P600080.tok108</event>
			<event start="Artur-N-G5082-P600080.t12.w9" end="Artur-N-G5082-P600080.t12.w10">Artur-N-G5082-P600080.tok109</event>
			<event start="Artur-N-G5082-P600080.t12.w10" end="Artur-N-G5082-P600080.t12.w11">Artur-N-G5082-P600080.tok110</event>
			<event start="Artur-N-G5082-P600080.t12.w11" end="Artur-N-G5082-P600080.t12.w12">Artur-N-G5082-P600080.tok111</event>
			<event start="Artur-N-G5082-P600080.t12.w12" end="Artur-N-G5082-P600080.t12.w13">Artur-N-G5082-P600080.tok112</event>
			<event start="Artur-N-G5082-P600080.t12.w13" end="Artur-N-G5082-P600080.t12.w14">Artur-N-G5082-P600080.tok114</event>
			<event start="Artur-N-G5082-P600080.t12.w14" end="Artur-N-G5082-P600080.t12.w15">Artur-N-G5082-P600080.tok115</event>
			<event start="Artur-N-G5082-P600080.t12.w15" end="Artur-N-G5082-P600080.t12.w16">Artur-N-G5082-P600080.tok116</event>
			<event start="Artur-N-G5082-P600080.t12.w16" end="Artur-N-G5082-P600080.t12.w17">Artur-N-G5082-P600080.tok117</event>
			<event start="Artur-N-G5082-P600080.t12.w17" end="Artur-N-G5082-P600080.t13">Artur-N-G5082-P600080.tok118</event>
			<event start="Artur-N-G5082-P600080.t14.w0" end="Artur-N-G5082-P600080.t15">Artur-N-G5082-P600080.tok120</event>
			<event start="Artur-N-G5082-P600080.t15.w0" end="Artur-N-G5082-P600080.t15.w1">Artur-N-G5082-P600080.tok122</event>
			<event start="Artur-N-G5082-P600080.t15.w1" end="Artur-N-G5082-P600080.t15.w2">Artur-N-G5082-P600080.tok123</event>
			<event start="Artur-N-G5082-P600080.t15.w2" end="Artur-N-G5082-P600080.t15.w3">Artur-N-G5082-P600080.tok124</event>
			<event start="Artur-N-G5082-P600080.t15.w3" end="Artur-N-G5082-P600080.t15.w4">Artur-N-G5082-P600080.tok125</event>
			<event start="Artur-N-G5082-P600080.t15.w4" end="Artur-N-G5082-P600080.t15.w5">Artur-N-G5082-P600080.tok126</event>
			<event start="Artur-N-G5082-P600080.t15.w5" end="Artur-N-G5082-P600080.t15.w6">Artur-N-G5082-P600080.tok127</event>
			<event start="Artur-N-G5082-P600080.t15.w6" end="Artur-N-G5082-P600080.t15.w7">Artur-N-G5082-P600080.tok129</event>
			<event start="Artur-N-G5082-P600080.t15.w7" end="Artur-N-G5082-P600080.t15.w8">Artur-N-G5082-P600080.tok130</event>
			<event start="Artur-N-G5082-P600080.t15.w8" end="Artur-N-G5082-P600080.t15.w9">Artur-N-G5082-P600080.tok131</event>
			<event start="Artur-N-G5082-P600080.t15.w9" end="Artur-N-G5082-P600080.t15.w10">Artur-N-G5082-P600080.tok132</event>
			<event start="Artur-N-G5082-P600080.t15.w10" end="Artur-N-G5082-P600080.t15.w11">Artur-N-G5082-P600080.tok133</event>
			<event start="Artur-N-G5082-P600080.t15.w11" end="Artur-N-G5082-P600080.t15.w12">Artur-N-G5082-P600080.tok134</event>
			<event start="Artur-N-G5082-P600080.t15.w12" end="Artur-N-G5082-P600080.t16">Artur-N-G5082-P600080.tok136</event>
		</tier>
	</basic-body>
</basic-transcription>
